Hz,167NE,167NW,167SW,167M,167SE
0.0,0.0,0.0,0.0,0.0,0.0
0.5,5.303649e-05,3.120985e-05,2.35449e-05,2.283551e-05,1.970233e-05
1.0,4.831514e-07,5.036783e-07,4.002472e-07,5.027495e-07,4.735251e-07
1.5,2.230757e-07,2.09466e-07,2.281093e-07,2.573832e-07,2.390336e-07
2.0,1.523905e-07,1.496008e-07,1.63849e-07,1.83656e-07,1.560415e-07
2.5,1.005725e-07,1.211811e-07,1.286242e-07,1.288849e-07,1.05047e-07
3.0,7.523192e-08,9.533169e-08,7.84738e-08,8.126436e-08,6.913723e-08
3.5,7.111151e-08,6.520521e-08,5.73974e-08,6.423844e-08,7.028256e-08
4.0,5.447141e-08,5.723457e-08,5.248583e-08,5.227534e-08,6.379629e-08
4.5,4.229487e-08,4.673491e-08,4.774946e-08,4.43423e-08,5.108331e-08
5.0,4.173799e-08,4.319853e-08,4.014434e-08,3.864868e-08,3.912924e-08
5.5,3.100198e-08,3.663513e-08,3.407271e-08,3.806283e-08,3.735091e-08
6.0,2.746594e-08,2.580275e-08,3.166348e-08,3.292254e-08,3.348386e-08
6.5,2.677878e-08,2.224123e-08,2.673629e-08,2.587141e-08,2.637825e-08
7.0,2.386986e-08,2.212932e-08,2.28856e-08,2.258411e-08,2.499647e-08
7.5,1.981046e-08,2.161438e-08,2.150277e-08,2.207755e-08,2.414138e-08
8.0,1.548023e-08,2.042842e-08,1.849033e-08,1.798848e-08,1.72515e-08
8.5,1.715951e-08,1.677681e-08,1.609782e-08,1.704375e-08,1.428081e-08
9.0,1.506279e-08,1.507082e-08,1.569801e-08,1.440698e-08,1.337262e-08
9.5,1.232182e-08,1.459758e-08,1.718083e-08,1.256613e-08,1.446729e-08
10.0,1.15401e-08,1.439711e-08,1.230603e-08,1.39408e-08,1.359194e-08
10.5,1.173811e-08,1.184529e-08,1.070559e-08,1.255524e-08,1.213637e-08
11.0,1.253823e-08,1.110266e-08,1.241003e-08,1.352076e-08,1.05558e-08
11.5,1.266777e-08,1.157291e-08,1.128781e-08,1.422206e-08,9.744024e-09
12.0,1.064212e-08,9.706254e-09,9.46784e-09,1.164541e-08,1.182895e-08
12.5,8.875556e-09,8.995634e-09,9.683124e-09,9.598483e-09,1.14657e-08
13.0,8.769646e-09,8.929756e-09,9.514702e-09,9.444854e-09,1.078327e-08
13.5,9.167148e-09,9.140951e-09,9.308994e-09,8.7274e-09,9.318126e-09
14.0,8.701225e-09,9.098538e-09,8.493874e-09,7.296172e-09,8.944699e-09
14.5,7.893589e-09,7.228892e-09,7.532834e-09,7.746014e-09,8.132377e-09
15.0,6.296777e-09,6.76581e-09,7.029186e-09,7.622265e-09,9.04017e-09
15.5,6.354175e-09,6.871492e-09,6.97397e-09,7.756579e-09,7.291666e-09
16.0,7.007644e-09,6.623223e-09,7.168971e-09,5.71744e-09,6.766451e-09
16.5,6.556628e-09,6.199201e-09,6.246593e-09,5.248073e-09,6.151379e-09
17.0,7.021198e-09,5.961673e-09,6.848583e-09,5.485687e-09,5.854467e-09
17.5,6.748202e-09,5.671415e-09,7.136436e-09,5.791974e-09,5.546823e-09
18.0,5.131447e-09,5.622554e-09,5.967495e-09,5.858504e-09,5.761617e-09
18.5,5.414577e-09,5.841331e-09,5.251353e-09,4.786874e-09,5.951994e-09
19.0,5.517296e-09,5.964128e-09,4.607466e-09,4.86853e-09,5.628536e-09
19.5,5.870272e-09,5.50942e-09,3.95909e-09,4.68573e-09,5.296644e-09
20.0,4.726513e-09,4.951568e-09,4.129605e-09,3.968317e-09,5.134583e-09
20.5,4.150672e-09,4.552791e-09,4.888159e-09,4.234746e-09,4.967097e-09
21.0,3.642547e-09,4.674293e-09,5.188618e-09,4.586436e-09,4.675609e-09
21.5,3.902303e-09,4.219378e-09,4.807294e-09,4.690992e-09,4.049436e-09
22.0,4.276426e-09,4.083049e-09,3.880706e-09,4.481879e-09,3.864913e-09
22.5,4.280368e-09,4.644421e-09,3.787409e-09,4.230856e-09,3.704624e-09
23.0,3.725491e-09,4.520786e-09,4.07147e-09,4.072205e-09,3.983887e-09
23.5,4.346072e-09,3.890162e-09,3.996266e-09,4.205882e-09,4.364575e-09
24.0,4.060585e-09,3.522407e-09,4.272512e-09,4.020563e-09,4.037569e-09
24.5,3.839276e-09,3.752518e-09,4.36223e-09,4.143455e-09,3.634787e-09
25.0,4.001843e-09,3.990934e-09,4.276982e-09,4.133481e-09,3.185975e-09
25.5,3.919807e-09,3.831116e-09,3.554041e-09,4.005127e-09,3.778438e-09
26.0,3.280729e-09,3.747727e-09,3.166302e-09,3.423197e-09,3.731453e-09
26.5,3.389065e-09,3.391514e-09,2.95447e-09,3.287804e-09,2.867613e-09
27.0,3.770447e-09,3.23854e-09,3.080523e-09,2.9447e-09,2.761334e-09
27.5,3.355029e-09,3.594948e-09,3.205657e-09,2.985862e-09,3.102415e-09
28.0,2.651898e-09,3.459314e-09,3.399808e-09,3.321261e-09,3.119827e-09
28.5,2.881705e-09,3.13423e-09,3.163711e-09,3.029477e-09,2.872912e-09
29.0,2.627882e-09,3.111845e-09,2.754446e-09,2.523344e-09,3.089423e-09
29.5,2.689154e-09,3.474041e-09,2.244538e-09,2.385238e-09,3.08446e-09
30.0,2.810914e-09,3.504892e-09,2.186222e-09,2.628509e-09,2.961466e-09
30.5,2.731915e-09,3.075205e-09,2.385414e-09,2.574874e-09,2.780055e-09
31.0,2.593682e-09,2.809569e-09,2.80658e-09,2.521969e-09,2.70313e-09
31.5,2.233473e-09,2.731932e-09,2.856567e-09,2.490951e-09,2.543825e-09
32.0,2.089847e-09,2.495125e-09,2.67024e-09,2.553384e-09,2.589685e-09
32.5,2.385234e-09,2.276936e-09,2.363582e-09,2.683317e-09,2.332285e-09
33.0,2.192036e-09,2.332669e-09,2.358196e-09,2.631361e-09,2.514539e-09
33.5,2.368393e-09,2.44391e-09,2.457667e-09,2.390673e-09,2.459435e-09
34.0,2.426939e-09,2.18317e-09,2.268972e-09,2.385517e-09,2.523772e-09
34.5,2.064743e-09,2.113174e-09,2.350793e-09,2.337248e-09,2.288203e-09
35.0,2.045857e-09,2.217416e-09,2.428929e-09,2.143795e-09,2.364869e-09
35.5,1.945712e-09,2.324304e-09,2.070818e-09,2.342001e-09,2.219783e-09
36.0,2.213806e-09,1.951184e-09,2.212974e-09,1.882228e-09,1.804606e-09
36.5,2.240391e-09,2.036258e-09,2.292228e-09,2.06944e-09,1.912689e-09
37.0,2.006697e-09,2.013148e-09,2.230359e-09,2.011186e-09,1.969123e-09
37.5,1.938007e-09,2.27221e-09,2.113969e-09,1.763394e-09,2.078951e-09
38.0,1.930685e-09,2.098457e-09,2.126648e-09,1.667529e-09,2.080021e-09
38.5,1.73575e-09,1.86644e-09,2.075213e-09,1.764457e-09,1.916145e-09
39.0,1.656649e-09,1.840059e-09,2.196519e-09,1.943638e-09,1.929618e-09
39.5,1.69057e-09,1.727292e-09,2.211875e-09,1.884364e-09,1.90906e-09
40.0,1.661131e-09,1.682754e-09,1.932341e-09,1.802007e-09,1.808854e-09
40.5,1.916435e-09,1.821474e-09,2.001609e-09,1.661125e-09,1.901627e-09
41.0,1.931593e-09,1.591642e-09,1.807616e-09,1.895267e-09,1.627412e-09
41.5,1.673083e-09,1.821656e-09,1.794456e-09,1.627946e-09,1.488114e-09
42.0,1.54804e-09,1.872889e-09,1.709732e-09,1.776106e-09,1.553788e-09
42.5,1.412255e-09,1.643128e-09,1.639299e-09,2.096042e-09,1.673361e-09
43.0,1.363203e-09,1.601997e-09,1.552139e-09,1.712698e-09,1.705066e-09
43.5,1.537039e-09,1.661262e-09,1.629669e-09,1.673134e-09,1.552772e-09
44.0,1.635914e-09,1.789657e-09,1.695692e-09,1.806421e-09,1.52541e-09
44.5,1.511969e-09,1.706898e-09,1.589929e-09,1.667345e-09,1.485483e-09
45.0,1.408516e-09,1.717454e-09,1.402301e-09,1.525177e-09,1.395048e-09
45.5,1.436662e-09,1.508629e-09,1.362564e-09,1.490697e-09,1.378191e-09
46.0,1.440252e-09,1.481942e-09,1.414557e-09,1.491146e-09,1.62068e-09
46.5,1.366988e-09,1.65424e-09,1.441563e-09,1.418014e-09,1.699054e-09
47.0,1.52833e-09,1.36292e-09,1.574647e-09,1.515804e-09,1.484246e-09
47.5,1.506895e-09,1.316755e-09,1.447569e-09,1.649769e-09,1.417317e-09
48.0,1.442766e-09,1.295445e-09,1.385124e-09,1.580546e-09,1.409291e-09
48.5,1.533626e-09,1.274721e-09,1.446506e-09,1.512792e-09,1.324829e-09
49.0,1.227147e-09,1.346078e-09,1.490853e-09,1.410429e-09,1.553945e-09
49.5,1.203395e-09,1.303555e-09,1.30214e-09,1.418886e-09,1.447739e-09
50.0,1.424601e-09,1.519157e-09,1.457489e-09,1.379512e-09,1.362164e-09
50.5,1.356977e-09,1.397013e-09,1.306158e-09,1.287396e-09,1.310459e-09
51.0,1.166112e-09,1.316959e-09,1.364732e-09,1.266837e-09,1.286226e-09
51.5,1.096843e-09,1.294558e-09,1.07477e-09,1.21491e-09,1.246108e-09
52.0,1.158008e-09,1.196057e-09,9.892132e-10,1.150187e-09,1.292484e-09
52.5,1.09354e-09,1.105363e-09,1.171632e-09,1.253732e-09,1.299435e-09
53.0,1.260145e-09,1.096991e-09,1.154779e-09,1.288867e-09,1.196544e-09
53.5,1.166473e-09,1.227331e-09,1.173995e-09,1.101222e-09,1.163849e-09
54.0,1.156696e-09,1.127899e-09,1.22805e-09,1.179697e-09,1.248737e-09
54.5,1.169249e-09,1.063597e-09,1.076553e-09,1.057739e-09,1.224386e-09
55.0,1.083885e-09,1.134949e-09,1.09745e-09,1.085649e-09,1.133822e-09
55.5,9.960232e-10,1.257745e-09,1.176785e-09,1.120665e-09,1.134704e-09
56.0,1.170679e-09,1.082997e-09,1.210939e-09,1.183884e-09,1.179324e-09
56.5,1.243893e-09,1.030704e-09,1.013265e-09,1.16159e-09,1.171521e-09
57.0,1.236075e-09,9.917808e-10,1.022576e-09,9.422304e-10,1.15527e-09
57.5,1.151343e-09,1.05336e-09,1.00817e-09,8.451503e-10,1.086617e-09
58.0,1.026841e-09,1.080927e-09,1.093426e-09,9.989122e-10,1.101754e-09
58.5,1.085862e-09,1.191005e-09,1.10058e-09,1.061639e-09,1.248612e-09
59.0,1.02377e-09,9.546862e-10,1.080482e-09,1.119444e-09,1.196583e-09
59.5,1.085582e-09,9.857521e-10,1.574235e-09,1.414821e-09,1.179361e-09
60.0,9.653185e-10,9.412112e-10,2.401154e-09,1.952682e-09,1.316906e-09
60.5,9.303155e-10,1.04073e-09,1.521303e-09,1.279693e-09,9.927985e-10
61.0,9.579055e-10,9.250693e-10,1.065588e-09,9.155273e-10,9.29482e-10
61.5,9.501313e-10,8.449764e-10,9.897575e-10,1.004391e-09,9.972233e-10
62.0,1.048799e-09,8.178462e-10,9.483175e-10,9.707943e-10,9.204782e-10
62.5,1.116537e-09,9.040735e-10,9.258329e-10,9.454155e-10,1.002229e-09
63.0,1.050403e-09,8.921492e-10,8.702732e-10,9.194359e-10,1.086776e-09
63.5,1.045088e-09,9.454573e-10,1.02583e-09,9.390287e-10,1.024072e-09
64.0,1.117074e-09,9.623086e-10,9.117562e-10,8.647629e-10,9.219318e-10
64.5,9.639533e-10,1.023159e-09,8.575146e-10,8.848337e-10,8.871008e-10
65.0,8.54795e-10,9.147739e-10,8.152434e-10,8.611835e-10,8.18088e-10
65.5,8.195912e-10,8.442823e-10,9.144202e-10,8.510567e-10,7.598706e-10
66.0,8.585299e-10,9.026576e-10,8.566823e-10,9.461307e-10,7.82189e-10
66.5,7.746515e-10,8.801284e-10,7.33878e-10,9.678911e-10,9.56763e-10
67.0,7.805673e-10,7.695461e-10,8.580134e-10,7.960366e-10,1.021852e-09
67.5,8.420606e-10,7.486031e-10,8.152449e-10,7.85295e-10,9.524216e-10
68.0,9.055107e-10,7.297474e-10,7.97939e-10,8.645039e-10,8.717288e-10
68.5,8.639158e-10,8.747926e-10,6.772231e-10,9.334826e-10,7.552836e-10
69.0,9.070208e-10,8.865647e-10,7.151519e-10,7.928735e-10,7.580768e-10
69.5,9.054707e-10,7.944403e-10,8.944493e-10,7.547377e-10,7.682449e-10
70.0,7.768836e-10,7.897051e-10,8.924778e-10,7.559157e-10,7.37209e-10
70.5,8.756879e-10,7.827722e-10,9.604444e-10,7.912429e-10,7.453066e-10
71.0,9.600891e-10,8.672423e-10,8.792158e-10,8.016153e-10,8.95369e-10
71.5,8.549781e-10,8.412702e-10,7.895296e-10,8.511054e-10,8.630133e-10
72.0,7.83783e-10,8.416325e-10,7.330788e-10,8.286073e-10,7.637512e-10
72.5,7.108354e-10,8.49142e-10,6.990156e-10,6.837427e-10,7.677948e-10
73.0,7.028574e-10,7.887841e-10,7.223789e-10,7.854481e-10,7.828348e-10
73.5,7.000893e-10,8.196741e-10,6.945942e-10,7.204065e-10,7.242161e-10
74.0,6.377093e-10,7.407549e-10,6.539466e-10,6.662993e-10,7.526834e-10
74.5,6.667557e-10,7.29542e-10,7.387178e-10,7.139377e-10,7.742265e-10
75.0,7.681575e-10,7.715632e-10,8.030788e-10,7.755743e-10,6.826996e-10
75.5,7.003351e-10,6.799949e-10,7.475863e-10,6.574868e-10,6.120296e-10
76.0,7.067356e-10,6.382461e-10,7.48702e-10,6.342478e-10,6.478223e-10
76.5,7.715145e-10,7.436391e-10,6.893812e-10,7.340109e-10,7.560053e-10
77.0,7.987955e-10,7.379963e-10,7.153164e-10,7.333006e-10,7.672413e-10
77.5,7.690764e-10,7.033739e-10,7.086307e-10,6.991661e-10,7.609778e-10
78.0,7.249124e-10,6.707073e-10,5.920605e-10,6.557367e-10,6.529682e-10
78.5,6.872158e-10,6.078602e-10,6.462546e-10,6.9051e-10,5.789211e-10
79.0,7.430853e-10,6.384502e-10,7.232225e-10,6.908358e-10,6.404625e-10
79.5,7.612578e-10,7.044608e-10,7.524116e-10,5.945328e-10,7.560991e-10
80.0,6.264807e-10,6.674727e-10,7.40771e-10,7.007697e-10,6.696922e-10
80.5,6.110172e-10,6.787045e-10,7.187285e-10,7.294472e-10,6.32667e-10
81.0,6.672658e-10,7.003421e-10,7.010993e-10,7.132843e-10,6.611626e-10
81.5,6.421862e-10,7.652797e-10,7.261268e-10,6.35867e-10,6.358459e-10
82.0,5.871363e-10,6.989782e-10,7.114342e-10,6.660884e-10,6.047709e-10
82.5,5.875497e-10,6.747686e-10,6.714405e-10,6.810562e-10,5.79645e-10
83.0,5.989518e-10,5.641266e-10,5.889219e-10,6.965711e-10,6.133559e-10
83.5,5.209728e-10,5.791421e-10,6.015926e-10,7.297754e-10,6.485179e-10
84.0,5.863037e-10,6.105378e-10,6.81862e-10,6.970244e-10,5.669277e-10
84.5,5.917294e-10,5.431946e-10,6.160376e-10,6.925707e-10,5.531988e-10
85.0,5.773612e-10,6.115073e-10,6.18761e-10,6.00942e-10,5.507835e-10
85.5,5.736896e-10,6.530943e-10,5.902186e-10,6.44977e-10,6.751574e-10
86.0,6.285218e-10,7.113103e-10,5.345567e-10,6.741877e-10,7.285557e-10
86.5,6.646498e-10,6.728103e-10,5.489513e-10,5.727733e-10,6.037938e-10
87.0,6.368659e-10,6.006281e-10,6.125119e-10,7.05329e-10,6.889589e-10
87.5,6.270986e-10,6.107519e-10,6.495657e-10,6.425484e-10,6.398137e-10
88.0,6.442161e-10,5.763802e-10,6.204661e-10,6.267855e-10,6.380284e-10
88.5,5.798479e-10,5.943674e-10,5.545306e-10,6.306974e-10,6.014262e-10
89.0,5.575588e-10,6.20088e-10,5.45772e-10,5.968696e-10,6.12932e-10
89.5,5.478041e-10,6.106852e-10,5.976002e-10,5.713679e-10,5.461607e-10
90.0,5.458857e-10,5.515028e-10,6.454108e-10,5.776846e-10,5.270831e-10
90.5,5.812125e-10,5.045646e-10,5.804967e-10,5.590614e-10,5.385572e-10
91.0,5.511636e-10,6.071279e-10,5.290585e-10,5.975554e-10,5.18129e-10
91.5,4.698502e-10,5.938819e-10,5.038854e-10,5.549313e-10,4.326778e-10
92.0,5.650808e-10,5.036875e-10,4.810695e-10,5.090782e-10,5.020637e-10
92.5,6.249017e-10,4.882295e-10,4.531082e-10,4.789759e-10,5.031103e-10
93.0,5.975166e-10,5.22775e-10,5.330513e-10,5.152302e-10,4.571944e-10
93.5,5.323323e-10,6.065223e-10,5.429717e-10,4.88892e-10,5.381667e-10
94.0,4.607651e-10,6.016104e-10,5.684049e-10,5.491178e-10,5.418845e-10
94.5,5.04396e-10,6.560756e-10,6.095723e-10,5.75718e-10,4.965512e-10
95.0,5.550211e-10,6.767992e-10,5.860497e-10,4.978562e-10,4.748255e-10
95.5,5.845239e-10,5.87643e-10,6.122168e-10,4.253598e-10,4.554854e-10
96.0,6.092831e-10,5.257468e-10,5.553608e-10,4.667444e-10,5.133118e-10
96.5,4.999929e-10,4.925946e-10,5.291795e-10,4.91274e-10,5.003455e-10
97.0,5.789496e-10,4.752473e-10,5.365014e-10,4.939561e-10,4.727277e-10
97.5,5.350237e-10,4.884677e-10,5.036843e-10,5.044175e-10,5.410442e-10
98.0,4.889805e-10,5.174209e-10,5.355848e-10,5.258706e-10,5.031665e-10
98.5,4.920398e-10,5.444494e-10,5.476761e-10,5.945498e-10,4.69672e-10
99.0,4.831655e-10,5.510786e-10,5.106596e-10,5.215274e-10,4.473039e-10
99.5,4.559785e-10,5.258237e-10,5.220423e-10,4.620824e-10,4.887595e-10
100.0,4.563021e-10,5.453315e-10,4.534095e-10,4.80871e-10,5.065023e-10
100.5,4.715785e-10,5.11604e-10,4.838764e-10,4.715937e-10,4.668555e-10
101.0,5.192982e-10,4.555688e-10,4.637385e-10,4.424161e-10,4.320573e-10
101.5,4.449456e-10,5.438137e-10,3.760916e-10,4.750026e-10,4.096706e-10
102.0,4.420406e-10,5.093919e-10,3.828028e-10,4.702194e-10,3.814657e-10
102.5,5.048397e-10,5.5941e-10,4.270727e-10,5.05396e-10,4.298756e-10
103.0,4.853328e-10,6.507881e-10,5.235594e-10,4.854218e-10,5.060755e-10
103.5,5.311149e-10,7.423289e-10,4.846337e-10,4.759466e-10,5.298078e-10
104.0,5.228183e-10,6.399989e-10,5.590073e-10,4.963485e-10,5.143174e-10
104.5,5.56614e-10,5.642338e-10,5.896763e-10,4.322324e-10,4.911235e-10
105.0,5.406861e-10,6.49159e-10,5.182742e-10,4.44049e-10,4.744374e-10
105.5,4.658857e-10,6.376275e-10,4.471449e-10,4.671977e-10,4.924998e-10
106.0,4.718774e-10,6.627398e-10,4.495776e-10,4.16731e-10,5.69597e-10
106.5,4.965837e-10,7.48006e-10,4.604263e-10,4.313434e-10,5.34598e-10
107.0,4.365815e-10,8.565356e-10,4.483381e-10,4.594203e-10,4.89974e-10
107.5,5.014426e-10,8.232824e-10,4.628762e-10,3.745368e-10,4.655645e-10
108.0,5.521309e-10,8.090157e-10,4.286869e-10,3.844225e-10,4.685726e-10
108.5,5.445662e-10,8.295478e-10,5.255924e-10,3.891787e-10,3.970378e-10
109.0,5.680587e-10,8.206906e-10,5.066201e-10,4.377882e-10,3.976994e-10
109.5,6.082894e-10,9.185253e-10,4.943814e-10,4.283937e-10,4.300502e-10
110.0,5.689216e-10,9.041598e-10,5.330961e-10,4.804421e-10,3.640286e-10
110.5,6.169252e-10,7.507311e-10,5.57734e-10,4.839698e-10,3.74906e-10
111.0,5.807284e-10,7.320561e-10,5.04972e-10,4.551357e-10,4.00784e-10
111.5,6.459337e-10,7.715829e-10,5.757577e-10,4.207041e-10,4.753106e-10
112.0,6.909444e-10,8.238106e-10,6.571381e-10,4.156763e-10,4.513309e-10
112.5,6.822103e-10,8.753431e-10,6.076106e-10,3.610348e-10,4.073281e-10
113.0,6.239608e-10,8.688023e-10,6.32516e-10,4.256449e-10,4.015948e-10
113.5,7.618329e-10,9.368937e-10,7.043338e-10,4.301144e-10,4.009373e-10
114.0,8.443984e-10,8.554851e-10,6.808722e-10,3.787959e-10,4.034662e-10
114.5,8.08078e-10,8.669847e-10,8.965666e-10,4.144345e-10,4.733638e-10
115.0,7.777098e-10,8.15451e-10,8.91721e-10,3.320547e-10,4.928096e-10
115.5,8.40275e-10,7.753685e-10,8.194263e-10,4.111219e-10,4.401281e-10
116.0,8.296318e-10,7.443852e-10,8.960647e-10,4.950809e-10,4.134352e-10
116.5,7.348623e-10,6.986481e-10,8.828282e-10,4.590866e-10,4.188614e-10
117.0,6.478001e-10,6.19725e-10,7.845173e-10,3.934497e-10,3.956886e-10
117.5,7.765734e-10,6.676069e-10,8.018399e-10,3.944994e-10,4.44079e-10
118.0,8.088604e-10,6.333413e-10,8.496781e-10,4.380425e-10,4.084424e-10
118.5,7.604594e-10,5.901279e-10,9.422583e-10,4.417106e-10,4.27722e-10
119.0,8.780021e-10,6.762985e-10,8.414356e-10,4.016824e-10,5.404422e-10
119.5,8.357556e-10,5.90326e-10,7.379902e-10,3.877289e-10,5.391885e-10
120.0,7.987839e-10,5.394536e-10,8.036196e-10,4.109172e-10,6.025038e-10
120.5,6.943267e-10,4.783829e-10,8.627346e-10,4.513442e-10,5.195304e-10
121.0,6.183062e-10,4.252456e-10,6.791341e-10,4.744314e-10,4.798791e-10
121.5,7.401629e-10,4.343767e-10,7.656344e-10,4.417615e-10,4.562179e-10
122.0,6.926711e-10,3.923575e-10,6.825058e-10,4.092991e-10,5.124423e-10
122.5,5.952009e-10,4.140008e-10,6.459751e-10,4.859358e-10,5.431167e-10
123.0,5.943225e-10,3.823063e-10,5.884156e-10,4.399425e-10,5.376246e-10
123.5,6.197543e-10,3.874939e-10,5.06122e-10,4.195161e-10,6.099684e-10
124.0,6.260255e-10,3.835547e-10,4.992189e-10,4.274512e-10,6.23974e-10
124.5,6.529515e-10,4.517934e-10,5.294374e-10,4.675978e-10,7.892539e-10
125.0,6.760903e-10,4.028635e-10,5.654712e-10,4.515852e-10,6.668383e-10
125.5,5.854158e-10,3.890664e-10,5.321925e-10,4.679766e-10,5.774896e-10
126.0,6.020003e-10,4.296825e-10,5.702013e-10,5.524231e-10,6.775426e-10
126.5,6.04776e-10,3.855384e-10,5.003553e-10,6.199675e-10,7.024389e-10
127.0,5.701947e-10,4.129137e-10,4.725801e-10,6.242648e-10,6.775888e-10
127.5,4.487865e-10,3.607301e-10,4.346745e-10,6.187729e-10,6.597727e-10
128.0,4.156943e-10,3.182373e-10,3.783311e-10,7.030031e-10,6.583862e-10
128.5,4.338507e-10,3.746241e-10,3.50598e-10,6.518008e-10,5.822751e-10
129.0,4.650088e-10,3.816469e-10,3.236791e-10,6.255317e-10,6.825289e-10
129.5,4.323622e-10,3.487964e-10,3.682141e-10,6.699291e-10,6.550802e-10
130.0,3.714516e-10,3.439424e-10,3.611885e-10,6.367037e-10,6.961456e-10
130.5,4.130725e-10,3.684001e-10,3.721077e-10,7.426882e-10,7.290158e-10
131.0,3.665542e-10,3.635997e-10,4.054844e-10,7.129081e-10,7.979041e-10
131.5,3.045998e-10,3.72496e-10,3.960619e-10,6.053634e-10,7.418045e-10
132.0,3.633294e-10,3.435197e-10,3.651664e-10,6.489106e-10,6.932854e-10
132.5,4.365068e-10,3.286957e-10,3.663966e-10,6.990989e-10,7.305528e-10
133.0,3.975823e-10,3.676372e-10,4.046354e-10,7.20678e-10,7.572709e-10
133.5,3.65012e-10,3.728921e-10,3.569068e-10,6.03515e-10,7.221605e-10
134.0,3.368817e-10,3.321866e-10,3.498816e-10,5.597147e-10,6.673296e-10
134.5,3.13065e-10,3.66033e-10,3.733485e-10,6.466383e-10,6.095435e-10
135.0,3.187546e-10,3.260622e-10,3.796108e-10,6.556422e-10,5.404679e-10
135.5,3.341024e-10,3.074011e-10,3.51781e-10,6.491241e-10,4.998461e-10
136.0,3.30385e-10,3.671592e-10,3.475412e-10,6.429397e-10,5.130328e-10
136.5,2.912306e-10,3.686391e-10,3.528471e-10,6.233574e-10,4.947637e-10
137.0,3.254136e-10,3.164769e-10,3.131208e-10,5.469051e-10,4.170249e-10
137.5,3.361549e-10,2.849745e-10,3.045588e-10,5.62263e-10,4.327298e-10
138.0,2.834234e-10,2.918445e-10,3.17849e-10,5.734229e-10,4.418936e-10
138.5,3.044571e-10,3.19899e-10,2.921888e-10,5.192228e-10,3.619932e-10
139.0,3.313054e-10,2.752439e-10,3.326287e-10,4.554705e-10,3.541083e-10
139.5,3.673859e-10,3.121458e-10,3.61541e-10,5.186901e-10,3.575427e-10
140.0,3.155807e-10,3.205482e-10,2.979946e-10,5.306014e-10,3.837805e-10
140.5,2.758257e-10,2.9429e-10,2.913671e-10,4.541026e-10,3.49037e-10
141.0,3.354876e-10,3.173585e-10,2.969471e-10,5.011622e-10,3.447198e-10
141.5,3.482503e-10,3.142779e-10,2.969024e-10,5.499649e-10,3.454665e-10
142.0,3.304279e-10,2.767167e-10,3.207757e-10,4.648965e-10,3.38739e-10
142.5,3.097251e-10,2.846018e-10,3.116138e-10,4.097619e-10,3.483997e-10
143.0,3.149264e-10,2.613591e-10,3.346394e-10,4.309031e-10,3.262483e-10
143.5,2.955072e-10,2.535894e-10,3.35985e-10,4.181321e-10,3.210353e-10
144.0,2.755077e-10,2.490729e-10,3.304591e-10,4.012182e-10,3.475257e-10
144.5,3.259243e-10,3.137046e-10,3.43346e-10,4.07265e-10,3.174774e-10
145.0,3.605223e-10,3.109822e-10,2.86434e-10,3.695161e-10,3.104655e-10
145.5,3.302776e-10,2.895923e-10,2.830162e-10,3.471957e-10,3.11132e-10
146.0,2.678186e-10,3.220299e-10,2.980497e-10,3.152131e-10,3.099481e-10
146.5,2.459213e-10,3.172291e-10,2.785858e-10,3.10624e-10,3.26451e-10
147.0,2.666806e-10,2.67817e-10,2.5827e-10,3.171635e-10,2.760343e-10
147.5,2.440787e-10,2.669537e-10,2.637034e-10,3.497814e-10,2.491607e-10
148.0,2.975941e-10,2.8355e-10,2.848813e-10,3.150875e-10,2.641315e-10
148.5,2.933907e-10,2.703098e-10,2.518157e-10,2.996452e-10,2.63924e-10
149.0,2.579711e-10,2.527459e-10,2.692141e-10,2.957705e-10,2.760045e-10
149.5,2.784832e-10,2.721156e-10,2.662209e-10,2.948945e-10,2.955541e-10
150.0,2.966471e-10,2.710213e-10,2.826651e-10,3.104185e-10,2.945098e-10
150.5,2.993642e-10,2.494777e-10,2.701476e-10,2.936529e-10,2.606347e-10
151.0,2.744042e-10,2.525907e-10,2.925992e-10,2.254452e-10,2.575032e-10
151.5,2.988937e-10,2.542127e-10,3.275749e-10,2.370162e-10,2.724924e-10
152.0,3.13666e-10,2.947591e-10,3.053667e-10,3.034578e-10,2.528162e-10
152.5,3.08063e-10,3.203792e-10,2.791958e-10,2.580161e-10,2.791317e-10
153.0,2.465382e-10,3.041672e-10,2.716526e-10,2.577953e-10,2.670377e-10
153.5,2.312095e-10,3.112202e-10,2.668343e-10,2.759588e-10,3.402035e-10
154.0,2.617347e-10,3.05653e-10,2.840781e-10,2.591948e-10,3.240411e-10
154.5,2.747949e-10,3.088807e-10,2.783614e-10,2.999414e-10,3.090859e-10
155.0,2.746122e-10,2.854977e-10,2.784492e-10,2.984309e-10,2.676316e-10
155.5,2.419922e-10,2.547027e-10,2.662369e-10,2.676423e-10,2.487621e-10
156.0,2.512862e-10,2.377396e-10,2.398083e-10,2.826735e-10,2.769502e-10
156.5,2.314743e-10,2.472404e-10,2.35115e-10,3.266825e-10,2.717979e-10
157.0,2.147063e-10,2.383421e-10,2.477931e-10,3.101873e-10,2.802479e-10
157.5,2.357703e-10,2.020555e-10,2.722003e-10,2.581641e-10,2.702021e-10
158.0,2.350296e-10,2.36914e-10,2.415552e-10,2.694351e-10,2.764499e-10
158.5,2.604345e-10,2.428552e-10,2.644646e-10,2.5716e-10,2.658625e-10
159.0,2.831492e-10,2.742359e-10,2.756721e-10,2.698558e-10,2.581995e-10
159.5,2.774609e-10,2.628095e-10,2.809045e-10,2.785659e-10,2.877031e-10
160.0,2.432934e-10,2.405577e-10,2.625713e-10,2.418201e-10,2.805385e-10
160.5,2.446901e-10,2.302257e-10,2.691996e-10,2.426795e-10,2.578558e-10
161.0,2.553472e-10,2.532052e-10,2.882327e-10,2.629638e-10,2.06972e-10
161.5,2.374847e-10,2.759691e-10,2.530051e-10,2.655746e-10,2.434059e-10
162.0,2.49661e-10,2.760135e-10,2.656448e-10,2.53281e-10,2.873893e-10
162.5,2.452983e-10,2.79945e-10,2.688259e-10,2.724053e-10,2.881976e-10
163.0,2.663219e-10,2.783604e-10,2.365632e-10,2.585573e-10,2.695017e-10
163.5,2.532507e-10,2.871981e-10,2.680021e-10,2.582363e-10,2.501473e-10
164.0,2.608317e-10,2.696701e-10,2.807086e-10,2.556772e-10,2.378858e-10
164.5,2.920199e-10,2.388352e-10,2.724804e-10,2.716524e-10,2.637384e-10
165.0,2.643474e-10,2.69383e-10,2.653335e-10,2.594847e-10,2.705112e-10
165.5,2.560491e-10,2.843057e-10,2.446199e-10,2.382135e-10,2.107915e-10
166.0,2.469525e-10,2.879834e-10,2.558684e-10,2.36044e-10,2.152241e-10
166.5,2.6918e-10,2.705768e-10,2.415658e-10,2.59599e-10,2.804418e-10
167.0,2.679018e-10,2.709067e-10,2.652285e-10,2.467188e-10,2.778264e-10
167.5,2.735517e-10,2.713229e-10,2.471205e-10,2.205037e-10,2.448726e-10
168.0,2.662178e-10,2.732347e-10,2.238013e-10,2.411453e-10,2.640565e-10
168.5,2.296338e-10,2.373583e-10,2.443642e-10,2.598002e-10,2.432804e-10
169.0,2.286864e-10,2.076632e-10,2.3429e-10,2.661776e-10,2.438668e-10
169.5,2.589067e-10,2.045821e-10,2.514522e-10,2.489294e-10,2.509079e-10
170.0,2.460458e-10,2.194707e-10,2.736558e-10,2.260713e-10,2.466016e-10
170.5,2.202866e-10,2.633798e-10,2.587494e-10,2.345021e-10,2.651895e-10
171.0,2.11779e-10,2.416287e-10,2.380905e-10,2.245242e-10,2.75242e-10
171.5,2.490018e-10,2.376397e-10,2.527576e-10,2.683594e-10,2.355227e-10
172.0,2.395665e-10,2.305485e-10,2.429967e-10,2.454648e-10,2.076638e-10
172.5,2.273167e-10,2.449141e-10,2.435594e-10,2.35666e-10,2.101744e-10
173.0,2.330294e-10,2.437365e-10,2.420152e-10,2.551714e-10,1.886459e-10
173.5,2.199042e-10,2.240205e-10,2.228115e-10,2.703551e-10,2.077239e-10
174.0,2.455156e-10,2.206612e-10,2.326258e-10,2.258106e-10,2.592513e-10
174.5,2.475818e-10,2.158755e-10,2.512102e-10,2.430198e-10,2.529276e-10
175.0,2.673561e-10,2.075749e-10,2.283497e-10,2.587944e-10,2.52935e-10
175.5,2.340137e-10,2.164627e-10,2.390816e-10,2.38799e-10,2.514791e-10
176.0,1.847166e-10,2.364383e-10,2.264683e-10,2.130798e-10,2.384432e-10
176.5,1.948972e-10,2.44178e-10,2.506898e-10,2.402059e-10,2.225782e-10
177.0,2.167294e-10,2.399805e-10,2.462299e-10,2.208035e-10,2.074377e-10
177.5,2.240027e-10,2.269077e-10,2.701862e-10,2.126111e-10,2.217617e-10
178.0,2.196407e-10,2.251141e-10,2.455139e-10,2.281807e-10,2.305245e-10
178.5,2.338068e-10,2.018583e-10,2.370563e-10,2.523327e-10,2.281697e-10
179.0,2.352864e-10,2.074881e-10,2.464977e-10,2.262787e-10,2.282574e-10
179.5,2.446628e-10,2.140374e-10,2.414924e-10,2.249083e-10,2.326579e-10
180.0,2.299508e-10,2.08684e-10,2.298609e-10,2.250317e-10,2.184197e-10
180.5,2.043788e-10,2.196836e-10,2.093287e-10,2.17637e-10,2.246087e-10
181.0,2.055961e-10,2.044307e-10,1.90955e-10,1.958337e-10,2.271652e-10
181.5,2.18761e-10,2.228572e-10,2.161382e-10,2.007741e-10,2.261711e-10
182.0,2.243252e-10,2.329907e-10,1.995582e-10,2.260584e-10,2.158918e-10
182.5,2.295526e-10,2.269164e-10,2.12575e-10,2.262655e-10,2.133424e-10
183.0,2.022147e-10,2.274117e-10,2.391177e-10,2.503691e-10,2.233252e-10
183.5,2.130888e-10,2.216557e-10,2.344372e-10,2.222383e-10,2.014558e-10
184.0,2.115799e-10,2.233471e-10,2.396243e-10,2.255193e-10,1.84919e-10
184.5,2.094164e-10,2.103192e-10,2.038023e-10,2.364139e-10,2.223045e-10
185.0,2.20815e-10,2.063929e-10,1.954551e-10,2.324451e-10,2.340316e-10
185.5,2.028107e-10,2.387654e-10,2.161256e-10,2.210695e-10,2.246084e-10
186.0,2.019968e-10,2.082608e-10,2.358065e-10,2.339583e-10,2.160328e-10
186.5,2.300585e-10,2.318331e-10,2.479093e-10,2.028298e-10,2.173582e-10
187.0,2.509112e-10,2.203179e-10,2.401984e-10,2.152255e-10,2.182586e-10
187.5,2.496167e-10,2.039379e-10,2.348338e-10,2.389522e-10,2.158781e-10
188.0,2.079122e-10,2.25613e-10,1.9992e-10,2.00093e-10,1.945326e-10
188.5,2.015731e-10,2.198133e-10,1.917186e-10,1.973414e-10,2.033533e-10
189.0,2.099921e-10,2.368847e-10,1.823019e-10,1.960724e-10,2.155686e-10
189.5,2.083144e-10,2.094479e-10,1.864187e-10,1.862082e-10,2.062756e-10
190.0,2.277187e-10,1.968197e-10,2.048772e-10,1.91442e-10,1.993365e-10
190.5,2.118985e-10,2.013201e-10,2.114808e-10,1.972435e-10,2.101403e-10
191.0,1.957502e-10,2.076932e-10,2.268473e-10,1.918955e-10,2.037508e-10
191.5,2.000846e-10,1.948893e-10,2.428341e-10,1.818105e-10,1.885749e-10
192.0,1.917054e-10,1.822978e-10,2.21004e-10,1.898313e-10,2.021847e-10
192.5,2.049424e-10,2.161563e-10,2.01866e-10,2.024574e-10,1.838134e-10
193.0,2.044738e-10,2.018464e-10,2.124477e-10,2.016692e-10,1.904247e-10
193.5,2.12639e-10,1.93592e-10,2.109924e-10,1.962702e-10,2.245871e-10
194.0,2.157129e-10,1.976072e-10,2.136315e-10,2.08423e-10,1.912917e-10
194.5,2.041525e-10,2.117083e-10,2.036614e-10,1.882789e-10,1.738173e-10
195.0,2.097196e-10,2.052935e-10,2.114566e-10,1.859352e-10,2.11421e-10
195.5,1.883082e-10,2.022296e-10,2.052838e-10,1.841234e-10,2.062807e-10
196.0,1.653371e-10,2.008945e-10,2.173558e-10,1.87213e-10,1.793641e-10
196.5,1.747237e-10,2.1418e-10,2.034515e-10,1.806658e-10,1.875342e-10
197.0,1.811684e-10,2.27081e-10,2.121191e-10,1.917883e-10,2.017151e-10
197.5,1.88776e-10,2.077776e-10,2.019002e-10,1.858601e-10,2.058013e-10
198.0,1.936579e-10,2.073491e-10,1.693773e-10,1.886167e-10,1.898887e-10
198.5,1.909768e-10,1.959016e-10,1.569302e-10,2.112821e-10,1.698881e-10
199.0,1.926227e-10,1.790347e-10,1.954447e-10,2.355629e-10,2.096089e-10
199.5,2.214998e-10,1.916275e-10,2.041183e-10,1.940239e-10,2.244866e-10
200.0,1.810537e-10,1.71769e-10,1.87854e-10,1.826321e-10,1.916666e-10
200.5,1.848624e-10,1.671949e-10,1.842081e-10,1.806564e-10,1.640921e-10
201.0,2.083244e-10,1.651169e-10,1.942331e-10,1.835188e-10,1.966529e-10
201.5,1.996714e-10,1.744522e-10,1.657893e-10,1.808522e-10,1.879344e-10
202.0,1.861948e-10,2.031782e-10,1.819592e-10,1.597874e-10,1.711506e-10
202.5,1.670279e-10,1.896916e-10,2.038323e-10,1.697879e-10,2.029949e-10
203.0,1.837038e-10,1.778403e-10,1.974498e-10,1.907018e-10,1.84442e-10
203.5,2.181345e-10,1.796145e-10,1.756117e-10,2.017353e-10,1.774918e-10
204.0,2.024226e-10,1.619891e-10,2.029138e-10,2.00684e-10,1.869464e-10
204.5,1.69883e-10,1.485941e-10,2.232867e-10,1.820835e-10,1.820682e-10
205.0,1.685015e-10,1.724152e-10,1.887895e-10,1.959891e-10,2.107373e-10
205.5,1.893094e-10,1.890691e-10,1.908079e-10,1.991801e-10,1.954728e-10
206.0,1.858065e-10,1.918983e-10,1.796045e-10,1.82913e-10,2.136531e-10
206.5,1.726935e-10,1.729823e-10,1.779932e-10,1.683478e-10,2.104303e-10
207.0,1.935525e-10,1.582741e-10,1.931475e-10,1.917881e-10,1.877576e-10
207.5,1.808162e-10,1.637145e-10,1.830612e-10,2.19555e-10,2.079025e-10
208.0,1.801787e-10,1.755711e-10,1.68197e-10,1.700941e-10,2.096212e-10
208.5,1.626768e-10,1.702196e-10,1.73917e-10,1.476243e-10,1.729546e-10
209.0,1.779828e-10,1.8544e-10,1.730433e-10,1.655679e-10,1.657771e-10
209.5,1.664558e-10,1.915307e-10,1.824914e-10,1.97737e-10,1.623579e-10
210.0,1.771898e-10,1.623466e-10,1.747293e-10,1.757983e-10,1.649544e-10
210.5,1.753416e-10,1.566751e-10,1.89524e-10,1.930899e-10,1.720244e-10
211.0,1.940871e-10,1.756015e-10,2.050549e-10,1.799232e-10,1.87218e-10
211.5,1.903504e-10,1.887327e-10,1.872797e-10,1.766071e-10,2.138561e-10
212.0,1.857528e-10,1.964049e-10,1.77207e-10,1.8405e-10,2.139851e-10
212.5,1.918075e-10,1.652465e-10,1.8995e-10,1.94698e-10,1.928752e-10
213.0,2.194068e-10,1.543688e-10,1.879811e-10,2.046538e-10,1.81707e-10
213.5,1.851699e-10,1.773248e-10,1.833464e-10,1.787904e-10,1.582001e-10
214.0,1.786353e-10,1.746626e-10,1.802668e-10,1.81665e-10,1.516999e-10
214.5,1.792298e-10,1.704093e-10,1.869353e-10,1.638343e-10,1.703908e-10
215.0,1.902708e-10,1.830365e-10,1.834815e-10,1.74125e-10,1.861244e-10
215.5,2.084828e-10,1.622677e-10,1.645253e-10,1.84812e-10,1.905455e-10
216.0,1.863592e-10,1.420888e-10,1.495668e-10,1.621919e-10,1.769686e-10
216.5,1.802362e-10,1.592022e-10,1.471797e-10,1.746593e-10,1.5959e-10
217.0,2.056529e-10,1.738252e-10,1.606179e-10,1.898959e-10,1.453786e-10
217.5,2.107094e-10,1.639895e-10,1.681798e-10,1.551342e-10,1.751768e-10
218.0,1.799948e-10,1.527945e-10,1.60453e-10,1.553213e-10,1.869229e-10
218.5,1.665567e-10,1.648612e-10,1.666495e-10,1.732833e-10,1.722905e-10
219.0,1.787481e-10,1.612638e-10,1.780781e-10,1.755524e-10,1.61135e-10
219.5,1.983438e-10,1.628132e-10,2.014548e-10,1.792536e-10,1.668249e-10
220.0,2.005429e-10,1.602615e-10,1.878407e-10,1.9447e-10,1.503147e-10
220.5,1.978509e-10,1.595196e-10,1.999608e-10,1.748059e-10,1.500261e-10
221.0,1.747382e-10,1.513805e-10,2.087951e-10,1.450026e-10,1.764592e-10
221.5,1.60952e-10,1.59017e-10,1.995837e-10,1.43238e-10,1.778121e-10
222.0,1.626885e-10,1.543494e-10,1.568509e-10,1.813765e-10,1.741638e-10
222.5,1.495641e-10,1.671799e-10,1.404543e-10,1.877606e-10,1.65061e-10
223.0,1.633666e-10,1.890102e-10,1.454483e-10,1.879668e-10,1.465153e-10
223.5,1.915283e-10,1.832009e-10,1.340814e-10,1.726845e-10,1.46928e-10
224.0,1.856434e-10,1.610335e-10,1.506301e-10,1.484895e-10,1.727504e-10
224.5,1.76045e-10,1.669935e-10,1.496202e-10,1.581794e-10,1.720334e-10
225.0,1.706621e-10,1.497978e-10,1.474666e-10,1.644753e-10,1.746593e-10
225.5,1.605799e-10,1.527809e-10,1.529974e-10,1.51419e-10,1.652808e-10
226.0,1.862298e-10,1.40894e-10,1.470766e-10,1.611542e-10,1.629333e-10
226.5,1.736522e-10,1.484335e-10,1.450828e-10,1.724758e-10,1.682442e-10
227.0,1.757369e-10,1.57703e-10,1.419387e-10,1.52074e-10,1.640192e-10
227.5,1.76157e-10,1.601751e-10,1.493231e-10,1.481066e-10,1.741426e-10
228.0,1.635529e-10,1.470903e-10,1.567186e-10,1.537138e-10,1.671737e-10
228.5,1.486951e-10,1.691443e-10,1.772999e-10,1.8017e-10,1.549728e-10
229.0,1.510208e-10,1.5496e-10,1.670607e-10,1.621947e-10,1.370747e-10
229.5,1.567438e-10,1.504408e-10,1.736473e-10,1.513013e-10,1.931179e-10
230.0,1.536593e-10,1.651003e-10,1.815883e-10,1.453017e-10,2.068083e-10
230.5,1.562725e-10,1.411044e-10,1.695739e-10,1.605089e-10,1.766601e-10
231.0,1.585181e-10,1.510433e-10,1.522955e-10,1.58062e-10,1.551901e-10
231.5,1.499864e-10,1.619068e-10,1.720928e-10,1.474614e-10,1.511064e-10
232.0,1.423961e-10,1.699756e-10,1.709326e-10,1.434599e-10,1.624072e-10
232.5,1.354017e-10,1.63266e-10,1.635006e-10,1.584561e-10,1.811703e-10
233.0,1.61393e-10,1.738689e-10,1.717151e-10,1.429007e-10,1.665941e-10
233.5,1.538848e-10,1.510832e-10,1.672743e-10,1.409781e-10,1.58569e-10
234.0,1.455815e-10,1.452362e-10,1.529476e-10,1.546303e-10,1.705086e-10
234.5,1.450325e-10,1.501966e-10,1.597874e-10,1.507228e-10,1.710724e-10
235.0,1.663623e-10,1.519477e-10,1.446799e-10,1.565098e-10,1.506159e-10
235.5,1.641767e-10,1.538216e-10,1.48375e-10,1.729584e-10,1.461098e-10
236.0,1.457091e-10,1.493976e-10,1.347219e-10,1.662725e-10,1.635637e-10
236.5,1.403524e-10,1.383928e-10,1.283929e-10,1.585456e-10,1.725581e-10
237.0,1.54807e-10,1.458175e-10,1.434152e-10,1.375118e-10,1.583004e-10
237.5,1.726296e-10,1.587057e-10,1.515336e-10,1.538422e-10,1.566751e-10
238.0,1.749141e-10,1.391263e-10,1.377072e-10,1.584344e-10,1.487404e-10
238.5,1.6563e-10,1.444984e-10,1.647571e-10,1.556826e-10,1.562618e-10
239.0,1.511133e-10,1.519561e-10,1.609376e-10,1.578093e-10,1.649948e-10
239.5,1.585404e-10,1.490971e-10,1.624038e-10,1.370535e-10,1.408173e-10
240.0,1.899992e-10,1.384186e-10,1.677252e-10,1.455408e-10,1.424574e-10
240.5,1.686444e-10,1.516539e-10,1.662195e-10,1.492383e-10,1.470209e-10
241.0,1.517053e-10,1.464927e-10,1.926447e-10,1.584961e-10,1.676356e-10
241.5,1.578994e-10,1.347242e-10,1.845228e-10,1.607452e-10,1.406432e-10
242.0,1.446336e-10,1.474274e-10,1.535249e-10,1.628809e-10,1.472341e-10
242.5,1.528899e-10,1.534749e-10,1.437695e-10,1.553953e-10,1.623864e-10
243.0,1.492084e-10,1.318965e-10,1.551734e-10,1.546948e-10,1.536106e-10
243.5,1.639306e-10,1.236283e-10,1.465259e-10,1.758617e-10,1.417268e-10
244.0,1.700509e-10,1.359579e-10,1.447494e-10,1.66676e-10,1.444434e-10
244.5,1.82392e-10,1.311653e-10,1.574327e-10,1.438445e-10,1.530075e-10
245.0,1.431942e-10,1.365915e-10,1.3599e-10,1.354869e-10,1.388943e-10
245.5,1.396012e-10,1.458856e-10,1.100087e-10,1.483653e-10,1.502583e-10
246.0,1.5806e-10,1.503801e-10,1.297101e-10,1.541502e-10,1.495547e-10
246.5,1.60548e-10,1.577102e-10,1.511038e-10,1.478175e-10,1.397287e-10
247.0,1.592946e-10,1.641386e-10,1.568893e-10,1.413081e-10,1.173203e-10
247.5,1.351118e-10,1.576843e-10,1.453501e-10,1.596586e-10,1.500857e-10
248.0,1.330785e-10,1.405135e-10,1.316909e-10,1.506172e-10,1.872801e-10
248.5,1.385591e-10,1.434479e-10,1.304133e-10,1.345359e-10,1.580772e-10
249.0,1.550005e-10,1.459298e-10,1.435169e-10,1.420947e-10,1.247377e-10
249.5,1.587338e-10,1.321666e-10,1.494633e-10,1.394543e-10,1.12331e-10
250.0,1.565435e-10,1.391559e-10,1.429545e-10,1.495979e-10,1.30645e-10
250.5,1.550582e-10,1.483514e-10,1.331076e-10,1.490962e-10,1.544444e-10
251.0,1.705241e-10,1.402604e-10,1.53793e-10,1.433552e-10,1.357294e-10
251.5,1.467951e-10,1.352505e-10,1.55573e-10,1.410365e-10,1.33916e-10
252.0,1.586751e-10,1.492186e-10,1.546853e-10,1.500697e-10,1.443112e-10
252.5,1.651878e-10,1.573026e-10,1.344566e-10,1.652929e-10,1.319926e-10
253.0,1.609066e-10,1.499153e-10,1.397971e-10,1.493743e-10,1.245771e-10
253.5,1.500952e-10,1.415112e-10,1.441291e-10,1.435902e-10,1.351961e-10
254.0,1.283045e-10,1.317897e-10,1.345498e-10,1.457214e-10,1.473797e-10
254.5,1.322348e-10,1.318947e-10,1.235027e-10,1.481745e-10,1.335513e-10
255.0,1.344797e-10,1.337336e-10,1.188225e-10,1.333712e-10,1.475749e-10
255.5,1.261887e-10,1.231683e-10,1.12953e-10,1.417999e-10,1.198678e-10
256.0,1.362902e-10,1.231714e-10,1.278439e-10,1.402913e-10,1.257445e-10
256.5,1.322375e-10,1.351268e-10,1.367404e-10,1.254966e-10,1.421882e-10
257.0,1.217185e-10,1.34979e-10,1.415852e-10,1.228042e-10,1.444284e-10
257.5,1.447309e-10,1.460356e-10,1.356472e-10,1.20877e-10,1.542171e-10
258.0,1.257055e-10,1.432284e-10,1.339781e-10,1.357735e-10,1.621139e-10
258.5,1.515904e-10,1.337306e-10,1.269989e-10,1.257024e-10,1.229982e-10
259.0,1.509971e-10,1.395503e-10,1.278975e-10,1.292336e-10,1.164686e-10
259.5,1.396041e-10,1.303747e-10,1.412752e-10,1.413229e-10,1.270939e-10
260.0,1.486121e-10,1.447464e-10,1.462952e-10,1.578226e-10,1.428601e-10
260.5,1.465924e-10,1.547419e-10,1.520484e-10,1.535128e-10,1.313902e-10
261.0,1.353734e-10,1.434819e-10,1.560136e-10,1.182496e-10,1.32057e-10
261.5,1.336286e-10,1.395099e-10,1.432665e-10,1.283031e-10,1.338659e-10
262.0,1.283196e-10,1.259039e-10,1.464578e-10,1.236657e-10,1.355467e-10
262.5,1.306805e-10,1.157926e-10,1.453726e-10,1.401632e-10,1.27373e-10
263.0,1.242951e-10,1.280851e-10,1.221964e-10,1.324772e-10,1.489036e-10
263.5,1.189573e-10,1.36769e-10,1.538564e-10,1.277578e-10,1.54499e-10
264.0,1.438942e-10,1.337046e-10,1.583059e-10,1.409686e-10,1.367329e-10
264.5,1.402709e-10,1.356396e-10,1.426236e-10,1.331666e-10,1.228365e-10
265.0,1.260038e-10,1.453183e-10,1.286002e-10,1.268974e-10,1.118123e-10
265.5,1.267004e-10,1.3403e-10,1.241943e-10,1.334368e-10,1.230897e-10
266.0,1.366405e-10,1.282135e-10,1.205291e-10,1.458648e-10,1.216319e-10
266.5,1.369492e-10,1.314315e-10,1.223331e-10,1.279368e-10,1.317061e-10
267.0,1.617634e-10,1.299588e-10,1.16671e-10,1.162345e-10,1.339668e-10
267.5,1.53944e-10,1.290735e-10,1.143148e-10,1.078456e-10,1.515598e-10
268.0,1.431707e-10,1.28091e-10,1.266936e-10,1.200503e-10,1.605206e-10
268.5,1.459817e-10,1.238748e-10,1.257194e-10,1.295899e-10,1.403207e-10
269.0,1.302164e-10,1.135668e-10,1.275572e-10,1.291696e-10,1.520353e-10
269.5,1.305338e-10,1.106436e-10,1.349356e-10,1.338921e-10,1.393069e-10
270.0,1.299313e-10,1.313919e-10,1.310595e-10,1.346066e-10,1.23911e-10
270.5,1.349996e-10,1.235673e-10,1.189364e-10,1.359575e-10,1.327988e-10
271.0,1.252033e-10,1.157745e-10,1.214252e-10,1.300886e-10,1.244691e-10
271.5,1.37497e-10,1.04708e-10,1.340685e-10,1.151576e-10,1.211904e-10
272.0,1.365226e-10,1.258207e-10,1.355219e-10,1.135909e-10,1.187383e-10
272.5,1.238499e-10,1.477564e-10,1.251583e-10,1.051863e-10,1.210779e-10
273.0,1.302845e-10,1.426914e-10,1.271915e-10,1.218235e-10,1.211966e-10
273.5,1.258857e-10,1.540576e-10,1.19191e-10,1.156959e-10,1.382962e-10
274.0,1.120592e-10,1.318115e-10,1.209837e-10,1.222701e-10,1.353034e-10
274.5,1.029296e-10,1.183138e-10,1.413224e-10,1.256697e-10,1.284148e-10
275.0,1.352024e-10,1.226117e-10,1.506033e-10,1.371973e-10,1.443239e-10
275.5,1.357994e-10,1.391825e-10,1.492028e-10,1.241957e-10,1.466636e-10
276.0,1.375271e-10,1.363999e-10,1.282133e-10,1.19279e-10,1.308895e-10
276.5,1.464923e-10,1.231696e-10,1.164221e-10,1.262117e-10,1.090441e-10
277.0,1.322291e-10,1.388722e-10,1.220344e-10,1.307509e-10,1.192176e-10
277.5,1.391815e-10,1.114018e-10,1.161817e-10,1.412059e-10,1.264727e-10
278.0,1.460255e-10,9.816359e-11,1.084508e-10,1.36408e-10,1.089354e-10
278.5,1.26692e-10,1.134802e-10,1.066119e-10,1.13144e-10,1.289715e-10
279.0,1.267184e-10,1.222539e-10,1.256238e-10,1.265736e-10,1.456931e-10
279.5,1.203945e-10,1.2842e-10,1.28015e-10,1.181833e-10,1.328055e-10
280.0,1.248719e-10,1.225674e-10,1.296589e-10,1.251861e-10,1.247757e-10
280.5,1.272767e-10,1.334644e-10,1.328588e-10,1.257508e-10,1.358302e-10
281.0,1.211187e-10,1.287673e-10,1.268703e-10,1.083673e-10,1.291344e-10
281.5,1.283009e-10,1.22687e-10,1.206934e-10,1.131955e-10,1.187456e-10
282.0,1.315185e-10,1.22881e-10,1.301115e-10,1.100195e-10,1.21445e-10
282.5,1.296206e-10,1.20286e-10,1.44057e-10,1.148967e-10,1.19287e-10
283.0,1.198133e-10,1.121527e-10,1.346259e-10,1.233161e-10,1.121127e-10
283.5,1.313177e-10,9.70343e-11,1.212967e-10,1.223593e-10,1.105996e-10
284.0,1.245997e-10,1.097466e-10,1.232553e-10,1.25627e-10,1.179695e-10
284.5,1.272979e-10,1.167442e-10,1.245072e-10,1.383569e-10,1.060265e-10
285.0,1.489682e-10,1.249654e-10,1.179363e-10,1.331668e-10,1.180711e-10
285.5,1.266677e-10,1.331695e-10,1.169901e-10,1.361811e-10,1.112955e-10
286.0,1.295509e-10,1.281823e-10,1.136785e-10,1.322575e-10,9.440333e-11
286.5,1.37389e-10,1.086845e-10,9.808383e-11,1.25062e-10,1.150175e-10
287.0,1.275314e-10,1.150642e-10,1.195295e-10,1.065341e-10,1.174772e-10
287.5,1.246723e-10,1.393756e-10,1.36613e-10,1.13466e-10,1.246304e-10
288.0,1.135602e-10,1.186929e-10,1.310437e-10,1.157003e-10,1.131167e-10
288.5,1.06627e-10,1.065267e-10,1.256429e-10,1.097386e-10,1.030556e-10
289.0,1.15267e-10,1.093529e-10,1.0452e-10,1.073298e-10,1.17807e-10
289.5,1.039933e-10,1.175545e-10,9.693873e-11,1.115279e-10,1.24612e-10
290.0,1.200142e-10,1.280955e-10,1.103354e-10,1.244399e-10,1.13756e-10
290.5,1.261307e-10,1.345174e-10,1.102394e-10,1.334237e-10,1.135371e-10
291.0,1.069387e-10,1.200682e-10,1.048496e-10,1.154672e-10,1.277601e-10
291.5,1.200019e-10,9.333543e-11,1.219686e-10,9.60851e-11,1.139634e-10
292.0,1.23148e-10,9.870665e-11,1.378714e-10,1.187952e-10,1.252132e-10
292.5,1.094618e-10,1.10938e-10,1.187301e-10,1.177836e-10,1.508349e-10
293.0,1.241143e-10,1.087621e-10,1.097784e-10,1.15483e-10,1.419339e-10
293.5,1.257858e-10,1.080571e-10,1.229015e-10,1.184404e-10,1.134638e-10
294.0,1.315131e-10,1.144805e-10,1.256326e-10,1.108193e-10,1.032331e-10
294.5,1.254064e-10,1.181058e-10,1.232232e-10,1.058209e-10,9.991738e-11
295.0,1.160035e-10,1.10164e-10,1.068569e-10,1.146368e-10,1.131372e-10
295.5,1.087419e-10,1.121382e-10,1.202005e-10,1.212872e-10,1.11615e-10
296.0,1.138267e-10,9.710982e-11,1.114965e-10,1.175262e-10,1.109438e-10
296.5,1.095278e-10,9.842e-11,1.053814e-10,1.087138e-10,1.088429e-10
297.0,1.165457e-10,9.931701e-11,1.175467e-10,1.163322e-10,1.15488e-10
297.5,1.124384e-10,1.086252e-10,1.099456e-10,1.070828e-10,1.110751e-10
298.0,1.213993e-10,1.234351e-10,1.092728e-10,1.168829e-10,1.146907e-10
298.5,1.143971e-10,1.258728e-10,1.165335e-10,1.236808e-10,1.130194e-10
299.0,9.837847e-11,1.095431e-10,1.226657e-10,1.080223e-10,1.123039e-10
299.5,1.011864e-10,1.042723e-10,1.11514e-10,1.136944e-10,1.283107e-10
300.0,1.169243e-10,1.123737e-10,1.11208e-10,1.21565e-10,1.413382e-10
300.5,1.140395e-10,1.19863e-10,1.196902e-10,1.090935e-10,1.326719e-10
301.0,1.134483e-10,1.383315e-10,1.174176e-10,1.08632e-10,1.202083e-10
301.5,1.168778e-10,1.252227e-10,1.108924e-10,1.252696e-10,1.207565e-10
302.0,1.222025e-10,1.035398e-10,1.097718e-10,1.139699e-10,9.971451e-11
302.5,1.236859e-10,1.03731e-10,1.038949e-10,1.126492e-10,9.32257e-11
303.0,1.142075e-10,1.160577e-10,9.865488e-11,1.107869e-10,1.163374e-10
303.5,1.156177e-10,1.149848e-10,1.056723e-10,1.155064e-10,1.111837e-10
304.0,1.148962e-10,1.102579e-10,1.159389e-10,1.13172e-10,1.00409e-10
304.5,1.392463e-10,1.064568e-10,1.288085e-10,1.041703e-10,1.112927e-10
305.0,1.256625e-10,9.805765e-11,1.19169e-10,1.027835e-10,9.979104e-11
305.5,9.757553e-11,1.061471e-10,1.218567e-10,9.923602e-11,9.467634e-11
306.0,9.7238e-11,1.04071e-10,1.172142e-10,1.125421e-10,9.618145e-11
306.5,8.738319e-11,1.03327e-10,1.008504e-10,1.164604e-10,1.016304e-10
307.0,9.769767e-11,1.029253e-10,9.87745e-11,1.240511e-10,1.07132e-10
307.5,1.181589e-10,1.206228e-10,9.853559e-11,1.102311e-10,1.100191e-10
308.0,1.114844e-10,1.258839e-10,1.092969e-10,1.174244e-10,1.04133e-10
308.5,1.157317e-10,1.23029e-10,1.232031e-10,1.109464e-10,8.517608e-11
309.0,1.102867e-10,1.097084e-10,1.069512e-10,9.809775e-11,1.018345e-10
309.5,1.115667e-10,1.206129e-10,1.169975e-10,1.020173e-10,1.08035e-10
310.0,1.1315e-10,1.147354e-10,1.239431e-10,1.053828e-10,1.134228e-10
310.5,1.064044e-10,1.140633e-10,1.174417e-10,1.16146e-10,1.121854e-10
311.0,1.026332e-10,1.027488e-10,1.044628e-10,1.14346e-10,1.019721e-10
311.5,9.26457e-11,8.617403e-11,1.083466e-10,1.103224e-10,1.069667e-10
312.0,1.068231e-10,9.176412e-11,1.253575e-10,1.064388e-10,9.759656e-11
312.5,1.053506e-10,1.011109e-10,1.132898e-10,9.720449e-11,1.066619e-10
313.0,1.105453e-10,1.058019e-10,1.079693e-10,1.044541e-10,1.152461e-10
313.5,1.061665e-10,1.070182e-10,1.016088e-10,1.175915e-10,1.238698e-10
314.0,1.095481e-10,9.639452e-11,9.944767e-11,1.003432e-10,1.124292e-10
314.5,1.146207e-10,9.449191e-11,1.101688e-10,1.144745e-10,1.056215e-10
315.0,1.041454e-10,9.743456e-11,1.010045e-10,1.149629e-10,1.036459e-10
315.5,9.111616e-11,9.358268e-11,1.083416e-10,1.161228e-10,1.022288e-10
316.0,9.537166e-11,9.987998e-11,1.212034e-10,1.064926e-10,9.552749e-11
316.5,1.007124e-10,1.181383e-10,1.130896e-10,1.010844e-10,1.016113e-10
317.0,1.056058e-10,1.169097e-10,1.191485e-10,1.045635e-10,1.004527e-10
317.5,1.183548e-10,1.053437e-10,1.085456e-10,9.226523e-11,1.039002e-10
318.0,9.927466e-11,1.119205e-10,1.0104e-10,8.983454e-11,1.024665e-10
318.5,9.207599e-11,1.054194e-10,1.069678e-10,8.358209e-11,1.005846e-10
319.0,9.967502e-11,1.143635e-10,1.137029e-10,9.817411e-11,9.876299e-11
319.5,1.047989e-10,1.119535e-10,1.089014e-10,9.139602e-11,9.913596e-11
320.0,1.141427e-10,1.308685e-10,1.031292e-10,9.358601e-11,1.013496e-10
320.5,1.003204e-10,1.156358e-10,9.552976e-11,9.624423e-11,1.018659e-10
321.0,9.925807e-11,1.009072e-10,9.616618e-11,1.051249e-10,9.991771e-11
321.5,9.842601e-11,9.502309e-11,9.295743e-11,1.095882e-10,1.064593e-10
322.0,8.974233e-11,9.009619e-11,9.759144e-11,1.149425e-10,1.052315e-10
322.5,8.317298e-11,9.783506e-11,1.211816e-10,1.198636e-10,9.12983e-11
323.0,9.248098e-11,9.579099e-11,1.138031e-10,1.013282e-10,8.653789e-11
323.5,9.421861e-11,1.056922e-10,9.949724e-11,8.990646e-11,9.642225e-11
324.0,1.001097e-10,1.068709e-10,9.606793e-11,1.018408e-10,1.155277e-10
324.5,1.158646e-10,9.804891e-11,9.718254e-11,1.150534e-10,1.268001e-10
325.0,1.170361e-10,1.05097e-10,1.018269e-10,1.120211e-10,1.127913e-10
325.5,1.034365e-10,1.009996e-10,1.111073e-10,9.012155e-11,9.811417e-11
326.0,8.305986e-11,9.065704e-11,1.072822e-10,8.835916e-11,9.243337e-11
326.5,8.773975e-11,1.07457e-10,1.035009e-10,9.574777e-11,1.023766e-10
327.0,1.108732e-10,1.112872e-10,9.159361e-11,1.099317e-10,1.036482e-10
327.5,1.102324e-10,1.077207e-10,9.063946e-11,1.014889e-10,1.142034e-10
328.0,1.064582e-10,1.049636e-10,1.11068e-10,9.174985e-11,1.073845e-10
328.5,1.069948e-10,1.040463e-10,1.05489e-10,1.041928e-10,9.075213e-11
329.0,1.03644e-10,9.792826e-11,9.35084e-11,1.066738e-10,9.612732e-11
329.5,1.042777e-10,1.149975e-10,9.716005e-11,9.626202e-11,9.761379e-11
330.0,9.447014e-11,1.071474e-10,9.832343e-11,8.368684e-11,9.08492e-11
330.5,9.442522e-11,1.04071e-10,1.095635e-10,7.661225e-11,8.932116e-11
331.0,8.194408e-11,9.980776e-11,9.567857e-11,7.862505e-11,9.81451e-11
331.5,8.590325e-11,1.10306e-10,8.977814e-11,8.860453e-11,1.054196e-10
332.0,1.031944e-10,1.033901e-10,9.148785e-11,9.596938e-11,1.053822e-10
332.5,1.093665e-10,9.368446e-11,1.017823e-10,9.624102e-11,9.098618e-11
333.0,1.078576e-10,9.940359e-11,9.572083e-11,9.306335e-11,9.465587e-11
333.5,9.78595e-11,8.85886e-11,8.402379e-11,9.948953e-11,9.962291e-11
334.0,9.834954e-11,9.780267e-11,9.634978e-11,8.876035e-11,9.781983e-11
334.5,1.053365e-10,1.019092e-10,8.876111e-11,9.250466e-11,1.040519e-10
335.0,9.538487e-11,9.666753e-11,9.370125e-11,9.728807e-11,9.313252e-11
335.5,9.528528e-11,1.042581e-10,1.046165e-10,9.280246e-11,1.042966e-10
336.0,1.084342e-10,1.011296e-10,1.11509e-10,9.381493e-11,1.084915e-10
336.5,1.111618e-10,9.744555e-11,1.020571e-10,1.050946e-10,1.067579e-10
337.0,1.051424e-10,1.042306e-10,8.94385e-11,1.081935e-10,9.993552e-11
337.5,9.489999e-11,9.479099e-11,9.825493e-11,9.780908e-11,9.803965e-11
338.0,9.599679e-11,8.332589e-11,1.09128e-10,1.015681e-10,9.748551e-11
338.5,9.335376e-11,8.425267e-11,9.56346e-11,9.636583e-11,9.129706e-11
339.0,1.04402e-10,9.373702e-11,1.061912e-10,9.913238e-11,9.853417e-11
339.5,1.0214e-10,9.647413e-11,1.048652e-10,9.49417e-11,9.949818e-11
340.0,8.838173e-11,9.496604e-11,9.199962e-11,9.486956e-11,1.011717e-10
340.5,1.002398e-10,1.031987e-10,1.056717e-10,9.486106e-11,1.082668e-10
341.0,1.0326e-10,1.023526e-10,1.050941e-10,9.077371e-11,1.097185e-10
341.5,8.778529e-11,1.072471e-10,8.743564e-11,1.035926e-10,9.524062e-11
342.0,1.093792e-10,1.09436e-10,9.993292e-11,1.040887e-10,9.440696e-11
342.5,1.166625e-10,9.587458e-11,1.018587e-10,1.00009e-10,9.360232e-11
343.0,9.526055e-11,8.677066e-11,9.531793e-11,9.985057e-11,8.916887e-11
343.5,8.539089e-11,9.743609e-11,9.625956e-11,8.494218e-11,1.040028e-10
344.0,8.631593e-11,9.041891e-11,9.228208e-11,8.791708e-11,1.143572e-10
344.5,9.287708e-11,8.300551e-11,9.666246e-11,8.915303e-11,1.102551e-10
345.0,1.006488e-10,1.00936e-10,1.132228e-10,9.065971e-11,1.089131e-10
345.5,1.025568e-10,1.037289e-10,1.11874e-10,8.051571e-11,1.007744e-10
346.0,9.304674e-11,1.042913e-10,1.00821e-10,7.926315e-11,7.265191e-11
346.5,9.071471e-11,1.033522e-10,8.806646e-11,7.99678e-11,7.948989e-11
347.0,8.600409e-11,9.991767e-11,9.220525e-11,7.925259e-11,9.029632e-11
347.5,8.472621e-11,9.298002e-11,8.758148e-11,7.998108e-11,9.744345e-11
348.0,1.011267e-10,9.491493e-11,9.377091e-11,8.621104e-11,1.07331e-10
348.5,1.069156e-10,9.593591e-11,9.462666e-11,9.537867e-11,1.045567e-10
349.0,9.341966e-11,8.37729e-11,8.56417e-11,8.886614e-11,9.419777e-11
349.5,8.853755e-11,8.736364e-11,8.824443e-11,8.707126e-11,9.930023e-11
350.0,9.608303e-11,8.955748e-11,8.145545e-11,8.45132e-11,9.029438e-11
350.5,1.094575e-10,9.550995e-11,9.363336e-11,7.807264e-11,9.205716e-11
351.0,1.062764e-10,9.028814e-11,9.021962e-11,8.077471e-11,8.865426e-11
351.5,9.76599e-11,9.202036e-11,9.043695e-11,7.91856e-11,8.797382e-11
352.0,1.124184e-10,8.854804e-11,8.416982e-11,8.61456e-11,8.524464e-11
352.5,9.902427e-11,9.139852e-11,8.731641e-11,9.08618e-11,9.499466e-11
353.0,9.258269e-11,9.603243e-11,8.352632e-11,8.420818e-11,1.017819e-10
353.5,8.954026e-11,8.538605e-11,7.025493e-11,9.450405e-11,1.061744e-10
354.0,8.939273e-11,9.105321e-11,7.604316e-11,1.058613e-10,1.086755e-10
354.5,9.247451e-11,1.062921e-10,8.873802e-11,9.110226e-11,9.179287e-11
355.0,8.781123e-11,9.645022e-11,1.003642e-10,8.680517e-11,7.699536e-11
355.5,8.51727e-11,7.785445e-11,9.043988e-11,9.262366e-11,8.373326e-11
356.0,9.198538e-11,7.623918e-11,1.004029e-10,8.252123e-11,9.21982e-11
356.5,1.109692e-10,7.553058e-11,1.017983e-10,7.522852e-11,9.930718e-11
357.0,1.074481e-10,8.221515e-11,8.896634e-11,8.875047e-11,9.922187e-11
357.5,9.003877e-11,9.287081e-11,7.657712e-11,9.289982e-11,8.84144e-11
358.0,8.445925e-11,9.557193e-11,8.506718e-11,9.218567e-11,8.882105e-11
358.5,9.74096e-11,9.899206e-11,9.279071e-11,9.234228e-11,8.021522e-11
359.0,8.744547e-11,8.679719e-11,9.09539e-11,7.970007e-11,8.946865e-11
359.5,8.21181e-11,9.863842e-11,9.564202e-11,7.308514e-11,1.011679e-10
360.0,8.99775e-11,8.478563e-11,8.754301e-11,8.800543e-11,9.223897e-11
360.5,8.503871e-11,7.608222e-11,7.885009e-11,9.468261e-11,7.468813e-11
361.0,8.340317e-11,8.310082e-11,8.12548e-11,8.186554e-11,6.937911e-11
361.5,8.011092e-11,8.25242e-11,8.124923e-11,8.081315e-11,8.694656e-11
362.0,8.608245e-11,8.328343e-11,8.562126e-11,8.238855e-11,9.27681e-11
362.5,8.996508e-11,9.924676e-11,7.724309e-11,8.392899e-11,9.679826e-11
363.0,8.760315e-11,1.046986e-10,8.027583e-11,8.194121e-11,9.511075e-11
363.5,9.403072e-11,9.321374e-11,7.947338e-11,7.523097e-11,8.916598e-11
364.0,9.943315e-11,9.535091e-11,8.357572e-11,7.829383e-11,8.975908e-11
364.5,8.798222e-11,8.835873e-11,8.031828e-11,8.856373e-11,8.17799e-11
365.0,8.441813e-11,9.530565e-11,8.500485e-11,8.780109e-11,8.457574e-11
365.5,7.652842e-11,8.761421e-11,8.858204e-11,8.347258e-11,8.246781e-11
366.0,8.21719e-11,8.868866e-11,8.15692e-11,7.797884e-11,9.304975e-11
366.5,9.347337e-11,9.444483e-11,9.099943e-11,7.071053e-11,1.040317e-10
367.0,8.799367e-11,8.340202e-11,8.025556e-11,7.078557e-11,9.591366e-11
367.5,8.576968e-11,8.193244e-11,7.823419e-11,7.974243e-11,8.856333e-11
368.0,8.459295e-11,8.16186e-11,8.052484e-11,8.10416e-11,9.346264e-11
368.5,8.899063e-11,8.862147e-11,7.809833e-11,8.674544e-11,1.00463e-10
369.0,8.514984e-11,8.65254e-11,8.343999e-11,9.084804e-11,9.227238e-11
369.5,8.30235e-11,8.466233e-11,8.975642e-11,9.224881e-11,8.386589e-11
370.0,8.552628e-11,8.441e-11,8.190536e-11,9.553187e-11,8.748095e-11
370.5,9.272842e-11,7.539032e-11,9.197315e-11,9.581983e-11,9.320476e-11
371.0,9.787459e-11,8.974806e-11,8.978856e-11,7.772943e-11,9.370083e-11
371.5,8.807411e-11,8.818531e-11,9.034453e-11,8.043856e-11,7.683288e-11
372.0,7.386689e-11,7.456624e-11,9.310275e-11,8.528189e-11,7.272229e-11
372.5,9.518713e-11,7.300592e-11,9.388827e-11,7.807432e-11,8.100894e-11
373.0,9.950147e-11,6.919788e-11,9.44221e-11,8.41576e-11,8.411071e-11
373.5,9.653114e-11,7.448987e-11,8.24408e-11,9.241526e-11,8.355172e-11
374.0,8.206337e-11,8.285642e-11,8.699508e-11,6.951595e-11,9.157226e-11
374.5,7.9024e-11,8.816749e-11,9.099478e-11,7.158935e-11,9.914802e-11
375.0,6.958902e-11,1.018466e-10,9.209466e-11,9.0056e-11,8.377826e-11
375.5,6.584951e-11,8.957379e-11,8.743913e-11,8.505328e-11,7.559092e-11
376.0,7.903388e-11,7.547407e-11,9.468898e-11,8.825541e-11,8.906366e-11
376.5,7.925596e-11,8.296188e-11,8.595127e-11,8.364068e-11,9.469479e-11
377.0,9.087821e-11,7.873317e-11,7.063904e-11,8.267387e-11,9.121623e-11
377.5,9.189966e-11,7.937644e-11,6.918215e-11,9.138586e-11,9.158869e-11
378.0,8.666328e-11,8.127127e-11,8.303926e-11,1.03893e-10,9.643771e-11
378.5,7.875637e-11,8.916763e-11,8.916057e-11,1.006066e-10,8.211707e-11
379.0,9.059757e-11,8.582936e-11,7.63876e-11,8.333861e-11,7.774151e-11
379.5,9.318603e-11,7.335724e-11,7.901391e-11,8.276622e-11,8.594721e-11
380.0,8.041912e-11,7.769732e-11,8.431596e-11,8.894281e-11,8.674454e-11
380.5,7.86635e-11,8.380834e-11,8.2825e-11,8.935257e-11,7.966399e-11
381.0,8.242138e-11,8.155804e-11,8.5949e-11,7.95571e-11,7.655382e-11
381.5,8.336573e-11,8.55136e-11,8.4074e-11,8.025268e-11,8.517273e-11
382.0,9.478994e-11,8.673661e-11,8.543153e-11,8.155877e-11,9.111893e-11
382.5,8.374193e-11,8.468787e-11,8.970251e-11,8.3448e-11,8.819909e-11
383.0,7.901935e-11,8.216026e-11,7.935831e-11,1.037082e-10,8.893805e-11
383.5,8.251675e-11,8.286585e-11,8.923172e-11,1.012508e-10,8.450812e-11
384.0,7.172058e-11,9.226957e-11,9.555633e-11,8.024752e-11,7.934599e-11
384.5,7.658792e-11,8.777074e-11,7.510882e-11,6.873498e-11,7.575766e-11
385.0,8.35723e-11,8.020106e-11,7.524725e-11,7.597526e-11,7.49529e-11
385.5,7.931406e-11,7.543224e-11,8.298053e-11,8.131634e-11,7.466885e-11
386.0,7.541813e-11,7.993828e-11,8.558666e-11,8.339516e-11,7.576015e-11
386.5,9.206929e-11,8.954113e-11,8.811165e-11,7.831852e-11,7.117985e-11
387.0,9.541925e-11,8.943693e-11,8.859111e-11,9.404835e-11,7.165198e-11
387.5,9.046729e-11,7.754967e-11,6.530727e-11,8.71389e-11,8.089601e-11
388.0,7.636987e-11,8.126557e-11,6.714491e-11,8.562751e-11,8.223074e-11
388.5,7.879999e-11,6.761087e-11,7.439058e-11,7.976116e-11,8.747169e-11
389.0,7.550931e-11,7.435347e-11,8.352265e-11,7.368497e-11,7.926717e-11
389.5,8.326285e-11,8.980921e-11,6.811034e-11,8.486871e-11,8.544981e-11
390.0,8.85697e-11,8.300566e-11,5.993558e-11,8.640731e-11,7.926793e-11
390.5,7.579096e-11,7.084241e-11,7.268362e-11,7.490757e-11,6.848648e-11
391.0,7.317154e-11,7.882518e-11,7.889015e-11,6.692467e-11,7.518826e-11
391.5,7.959652e-11,8.526016e-11,8.969747e-11,7.139803e-11,6.853152e-11
392.0,7.684991e-11,7.57396e-11,9.433532e-11,8.116058e-11,7.320833e-11
392.5,7.380242e-11,6.908545e-11,8.01049e-11,7.999349e-11,8.110888e-11
393.0,9.521148e-11,7.747952e-11,8.420316e-11,7.737894e-11,7.752951e-11
393.5,8.559355e-11,8.924517e-11,8.929672e-11,7.953829e-11,8.682881e-11
394.0,7.770852e-11,8.626692e-11,9.254291e-11,8.259891e-11,9.328451e-11
394.5,8.639015e-11,7.246351e-11,8.184956e-11,8.346918e-11,8.411161e-11
395.0,8.129211e-11,7.72869e-11,8.331592e-11,7.978426e-11,7.930936e-11
395.5,8.100955e-11,7.821287e-11,9.370545e-11,7.261185e-11,7.131338e-11
396.0,9.400319e-11,7.882981e-11,8.642815e-11,7.416859e-11,7.142156e-11
396.5,9.58371e-11,7.286152e-11,7.920956e-11,8.114075e-11,7.37975e-11
397.0,7.839126e-11,7.876846e-11,7.469132e-11,8.324519e-11,7.9528e-11
397.5,7.167505e-11,8.145805e-11,7.587657e-11,8.025416e-11,8.589329e-11
398.0,7.365321e-11,8.416151e-11,8.539101e-11,7.782375e-11,8.186213e-11
398.5,7.346186e-11,8.261639e-11,7.722863e-11,8.238824e-11,8.318634e-11
399.0,7.444524e-11,8.135798e-11,7.437344e-11,7.982719e-11,7.993833e-11
399.5,7.607436e-11,7.119023e-11,7.67107e-11,8.292551e-11,7.679252e-11
400.0,8.027185e-11,7.151394e-11,7.671759e-11,8.316903e-11,8.45313e-11
